Subject ID, Number of trials annotated
3765.csv 15
3773.csv 18
3798.csv 16
3805.csv 18
3809.csv 17
3818.csv 16
3822.csv 18
3823.csv 18
3829.csv 18
3834.csv 17
3835.csv 18
3839.csv 18
3848.csv 18
3859.csv 18
3864.csv 18
3867.csv 17
3868.csv 18
3870.csv 18
3871.csv 18
3872.csv 18
3881.csv 18
3883.csv 18
3884.csv 18
3894.csv 18
3898.csv 18
3899.csv 17
3918.csv 18
3920.csv 18
3927.csv 18
3930.csv 18
3934.csv 18
3936.csv 18
3939.csv 18
3941.csv 18
3944.csv 18
3947.csv 18
3950.csv 18
3952.csv 18
3954.csv 18
3991.csv 18
3998.csv 19
3999.csv 17
