Subject ID, trial_name, pathlength, ref/near/far
3765,pink_cylinder_placard,0.9785566319915233,ref
3765,cow_placard,1.4027334216953022,near
3765,airplane_placard,0.990857995042461,far
3765,blue_cube_placard,5.922392549440701,ref
3765,car_placard,3.7168671018444,far
3765,red_ball_placard,3.979764742369298,ref
3765,pooh_placard,3.2026669437618693,near
3765,lion_placard,4.321987480077951,far
3765,yellow_pyramid_placard,3.170843629974115,ref
3765,book_placard,6.109295036672847,far
3765,orange_box_placard,4.143121929242625,ref
3765,elephant_placard,1.9122350589677808,near
3765,frog_placard,2.4393635420274222,far
3765,green_cone_placard,4.2271211130864685,ref
3773,pink_cylinder_placard,1.3393441387197527,ref
3773,cow_placard,3.1479177990404423,near
3773,airplane_placard,3.306859984410039,far
3773,blue_cube_placard,1.8555870277850772,ref
3773,boat_placard,4.535324121708982,near
3773,car_placard,3.18691378319636,far
3773,red_ball_placard,4.629078036041392,ref
3773,pooh_placard,5.532848545524757,near
3773,lion_placard,4.945092138628752,far
3773,yellow_pyramid_placard,4.663783516194599,ref
3773,book_placard,5.455127363807151,far
3773,orange_box_placard,2.542777067392308,ref
3773,elephant_placard,2.796825896391965,near
3773,frog_placard,2.100127397221513,far
3773,duck_placard,7.450113377060916,near
3773,raptor_placard,17.184511681658933,far
3798,pink_cylinder_placard,3.153169788987725,ref
3798,frog_placard,3.1523673382835113,near
3798,blue_cube_placard,7.035719573176721,ref
3798,airplane_placard,41.76226661490364,near
3798,cow_placard,0.7314181611400272,far
3798,red_ball_placard,0.9660016293637455,ref
3798,book_placard,28.15899296327916,near
3798,duck_placard,1.089079305532323,far
3798,yellow_pyramid_placard,4.602587328035952,ref
3798,boat_placard,2.9380655961786033,far
3798,orange_box_placard,2.6547650914944825,ref
3798,car_placard,2.768608635991768,near
3798,pooh_placard,5.125394885792048,far
3798,green_cone_placard,18.926136306030457,ref
3798,raptor_placard,1.2464583351684269,near
3798,elephant_placard,3.6306677221655264,far
3805,blue_cube_placard,6.63829819403054,ref
3805,duck_placard,2.7090408694584767,far
3805,boat_placard,3.842684801811629,far
3805,orange_box_placard,3.9859768217284,ref
3805,car_placard,3.1736727837214858,near
3805,pooh_placard,3.55701670959661,far
3805,raptor_placard,1.2966319560073316,near
3805,elephant_placard,0.9602636408890248,far
3809,pink_cylinder_placard,0.7907301616196492,ref
3809,cow_placard,1.5113844976031032,near
3809,airplane_placard,0.2747912723571062,far
3809,blue_cube_placard,3.225399573086179,ref
3809,boat_placard,0.6908741738097888,near
3809,car_placard,1.9112855163839413,far
3809,red_ball_placard,3.2742127599194646,ref
3809,pooh_placard,3.3689168796991,near
3809,lion_placard,5.477528551102296,far
3809,yellow_pyramid_placard,1.8157487534481334,ref
3809,hippo_placard,3.244714562446461,near
3809,book_placard,2.476401540923689,far
3809,orange_box_placard,1.3066728552876157,ref
3809,elephant_placard,1.0545711985614616,near
3809,green_cone_placard,14.22031479975044,ref
3809,duck_placard,4.329749745782465,near
3809,raptor_placard,5.005660060793161,far
3818,frog_placard,4.188661028369097,near
3818,hippo_placard,3.0117864236526657,far
3818,airplane_placard,2.2892125517391833,near
3818,cow_placard,3.8784169262207797,far
3818,book_placard,33.142702257952806,near
3818,duck_placard,3.6812953050321084,far
3818,lion_placard,2.9300855998153565,near
3818,boat_placard,3.8499181421975663,far
3818,pooh_placard,3.5169837536959676,far
3818,green_cone_placard,1.3650408251560293,ref
3818,raptor_placard,4.612536148229992,near
3818,elephant_placard,1.3797274103344535,far
3822,pink_cylinder_placard,1.0083862619940192,ref
3822,cow_placard,0.4859889437939273,near
3822,airplane_placard,3.602158955266077,far
3822,blue_cube_placard,2.3281350343240774,ref
3822,boat_placard,9.624191495562627,near
3822,car_placard,1.7614063141045335,far
3822,red_ball_placard,8.262221678090555,ref
3822,pooh_placard,5.476395906829566,near
3822,lion_placard,6.296153986630088,far
3822,yellow_pyramid_placard,2.7865727000717015,ref
3822,hippo_placard,6.9750046851695515,near
3822,book_placard,4.8736278001342725,far
3822,orange_box_placard,1.2438136374112219,ref
3822,elephant_placard,8.896290222970492,near
3822,frog_placard,2.106607717098086,far
3822,green_cone_placard,3.9172237105085514,ref
3822,duck_placard,3.5749668864648356,near
3822,raptor_placard,3.2111348264718345,far
3823,pink_cylinder_placard,4.7323986000192235,ref
3823,frog_placard,4.115839861900895,near
3823,hippo_placard,6.4578512871521525,far
3823,blue_cube_placard,2.1736173711251467,ref
3823,airplane_placard,26.68122546358063,near
3823,cow_placard,1.3689578128178255,far
3823,red_ball_placard,3.200303445704776,ref
3823,duck_placard,4.342309727457177,far
3823,yellow_pyramid_placard,3.9361928948455898,ref
3823,lion_placard,9.078545233831392,near
3823,orange_box_placard,1.5800711924675852,ref
3823,car_placard,3.6079094482847722,near
3823,pooh_placard,2.953575746751085,far
3823,green_cone_placard,1.2064066653692862,ref
3823,raptor_placard,1.9453162817226257,near
3823,elephant_placard,1.4055563612491824,far
3829,pink_cylinder_placard,0.7455553596955724,ref
3829,cow_placard,0.6300877020694315,near
3829,airplane_placard,4.64037782025116,far
3829,blue_cube_placard,1.221230317165464,ref
3829,boat_placard,1.764631239362643,near
3829,car_placard,2.030113553395495,far
3829,red_ball_placard,4.432799777627224,ref
3829,pooh_placard,4.522529685447807,near
3829,lion_placard,7.101531234184222,far
3829,yellow_pyramid_placard,3.2109474943572422,ref
3829,hippo_placard,11.996964649428264,near
3829,book_placard,5.962752390420064,far
3829,orange_box_placard,0.6394028240274565,ref
3829,elephant_placard,1.643502851948142,near
3829,frog_placard,2.3682334570912644,far
3829,green_cone_placard,11.62272778510669,ref
3829,duck_placard,4.854824229973019,near
3829,raptor_placard,4.702231873488927,far
3834,pink_cylinder_placard,5.5514966238697525,ref
3834,frog_placard,4.2322164606521255,near
3834,hippo_placard,27.733438430688693,far
3834,blue_cube_placard,2.6641893146952498,ref
3834,cow_placard,1.1117303277133033,far
3834,red_ball_placard,2.044773216257454,ref
3834,book_placard,1.491759098789771,near
3834,duck_placard,2.6720196702808607,far
3834,yellow_pyramid_placard,15.252819140459906,ref
3834,lion_placard,2.424949217980611,near
3834,boat_placard,3.323961880952993,far
3834,orange_box_placard,4.374438972042299,ref
3834,car_placard,2.588372485508444,near
3834,pooh_placard,2.0313400638406165,far
3834,green_cone_placard,0.6616200279895565,ref
3834,raptor_placard,0.9532159150403459,near
3834,elephant_placard,0.24720254955491328,far
3835,pink_cylinder_placard,1.8579729529374163,ref
3835,cow_placard,5.022222581261303,near
3835,airplane_placard,2.128208046960026,far
3835,blue_cube_placard,3.408853232214824,ref
3835,boat_placard,3.334687392314663,near
3835,car_placard,4.942478797427611,far
3835,red_ball_placard,4.38087125401762,ref
3835,pooh_placard,8.554739036408137,near
3835,lion_placard,4.778851472185693,far
3835,yellow_pyramid_placard,3.132131288637538,ref
3835,hippo_placard,2.84663214484317,near
3835,book_placard,4.2093942331166545,far
3835,orange_box_placard,1.4972643880064425,ref
3835,elephant_placard,2.1997125052366755,near
3835,frog_placard,2.3314264182990883,far
3835,duck_placard,5.52755627085935,near
3835,raptor_placard,3.530565595281587,far
3839,pink_cylinder_placard,2.546398430350564,ref
3839,cow_placard,1.5698221083148383,near
3839,airplane_placard,3.778826696710894,far
3839,blue_cube_placard,2.1736216667504777,ref
3839,boat_placard,6.905687467661664,near
3839,car_placard,2.4984139990719996,far
3839,red_ball_placard,4.975202690184233,ref
3839,pooh_placard,2.883101117578917,near
3839,lion_placard,4.554049806285548,far
3839,yellow_pyramid_placard,2.4064838654521736,ref
3839,hippo_placard,3.494436672604934,near
3839,book_placard,4.0725522330612876,far
3839,orange_box_placard,1.6386598762692302,ref
3839,elephant_placard,3.566281630162848,near
3839,frog_placard,2.1506448062864365,far
3839,green_cone_placard,8.00487106476794,ref
3839,duck_placard,12.357095684194064,near
3839,raptor_placard,2.5802833850357274,far
3848,pink_cylinder_placard,4.512190292336527,ref
3848,cow_placard,4.33191353258735,near
3848,airplane_placard,4.950597915190883,far
3848,blue_cube_placard,5.848938503582758,ref
3848,boat_placard,2.196860384102365,near
3848,car_placard,4.409164993572631,far
3848,red_ball_placard,3.245155769356643,ref
3848,pooh_placard,4.657557525642005,near
3848,lion_placard,3.856706493119418,far
3848,yellow_pyramid_placard,2.9230827013016096,ref
3848,hippo_placard,5.238308069210689,near
3848,book_placard,4.088356584179564,far
3848,orange_box_placard,4.353569730930758,ref
3848,elephant_placard,1.708362967926405,near
3848,frog_placard,2.5722220237566944,far
3848,green_cone_placard,2.8639048237273528,ref
3848,duck_placard,7.387915325554786,near
3848,raptor_placard,2.6991042776207905,far
3859,frog_placard,8.831781490345747,near
3859,hippo_placard,4.33771835679363,far
3859,blue_cube_placard,1.4604649466928095,ref
3859,airplane_placard,5.6565977022801235,near
3859,cow_placard,0.9907367472660553,far
3859,book_placard,2.1011372033244697,near
3859,duck_placard,2.743295492582547,far
3859,yellow_pyramid_placard,0.13991079043807986,ref
3859,lion_placard,5.870446541919591,near
3859,boat_placard,3.6729727517813444,far
3859,orange_box_placard,0.060487596078019124,ref
3859,car_placard,3.851429520891543,near
3859,pooh_placard,3.5239123439278046,far
3859,raptor_placard,1.809115544660017,near
3859,elephant_placard,5.089933340470452,far
3864,pink_cylinder_placard,7.764153568263282,ref
3864,frog_placard,5.392554276550072,near
3864,hippo_placard,5.324441644421313,far
3864,blue_cube_placard,3.0747697522383532,ref
3864,cow_placard,2.3768801653350238,far
3864,duck_placard,0.6867245426401496,far
3864,yellow_pyramid_placard,2.9036627259338275,ref
3864,lion_placard,3.6252062242128886,near
3864,boat_placard,7.137570563203553,far
3864,orange_box_placard,4.446081155794673,ref
3864,car_placard,4.841949390858645,near
3864,pooh_placard,3.7430333469528705,far
3864,green_cone_placard,2.230234156741062,ref
3864,raptor_placard,2.6538429136853665,near
3867,pink_cylinder_placard,5.855985323883942,ref
3867,frog_placard,3.2828952169693366,near
3867,hippo_placard,4.64029834169196,far
3867,blue_cube_placard,2.6936544276868517,ref
3867,airplane_placard,2.9715097424341366,near
3867,red_ball_placard,1.450507261367875,ref
3867,book_placard,1.932214811866288,near
3867,duck_placard,2.988551450886007,far
3867,yellow_pyramid_placard,7.4834601724232925,ref
3867,lion_placard,4.88064742798997,near
3867,boat_placard,2.7278486779887317,far
3867,car_placard,3.8185748168980354,near
3867,pooh_placard,4.2201326391950715,far
3867,green_cone_placard,1.251108749107516,ref
3867,raptor_placard,1.0628411437937757,near
3867,elephant_placard,1.2048578575868305,far
3868,pink_cylinder_placard,1.3668933946428297,ref
3868,cow_placard,1.536279741085309,near
3868,airplane_placard,1.2189223732270875,far
3868,blue_cube_placard,10.348263447665886,ref
3868,boat_placard,7.706623239830606,near
3868,car_placard,8.650124092702754,far
3868,red_ball_placard,4.338249444110261,ref
3868,pooh_placard,4.248664495200501,near
3868,lion_placard,4.058102727505457,far
3868,yellow_pyramid_placard,3.189754090277347,ref
3868,hippo_placard,5.2940218373278185,near
3868,book_placard,3.6607679025214566,far
3868,orange_box_placard,1.6818488895196424,ref
3868,elephant_placard,2.59100953473353,near
3868,frog_placard,1.9111992909693072,far
3868,green_cone_placard,27.55059779997282,ref
3868,duck_placard,7.986888036642995,near
3868,raptor_placard,5.109714831225574,far
3870,pink_cylinder_placard,4.504286396455427,ref
3870,frog_placard,6.015289942468371,near
3870,hippo_placard,6.740989931826334,far
3870,blue_cube_placard,1.5804666485537382,ref
3870,airplane_placard,4.403251560350327,near
3870,cow_placard,2.3541037494433112,far
3870,red_ball_placard,1.5580667070644267,ref
3870,book_placard,1.0547248176690118,near
3870,duck_placard,2.530540913418008,far
3870,yellow_pyramid_placard,4.329810555518634,ref
3870,lion_placard,3.4073467396592605,near
3870,boat_placard,5.326536583663255,far
3870,orange_box_placard,3.6134916706705553,ref
3870,car_placard,5.219062398078677,near
3870,pooh_placard,5.670653213641344,far
3870,green_cone_placard,2.841111321673452,ref
3870,raptor_placard,1.9856162502364896,near
3870,elephant_placard,0.7049640285295027,far
3871,pink_cylinder_placard,0.06838046313714585,ref
3871,cow_placard,4.46397890363005,near
3871,blue_cube_placard,0.992831967130769,ref
3871,boat_placard,2.3065094648336526,near
3871,car_placard,0.3701805164164398,far
3871,red_ball_placard,2.14631422777893,ref
3871,pooh_placard,1.0711903168121353,near
3871,lion_placard,3.3332481873185316,far
3871,yellow_pyramid_placard,0.8677066521195229,ref
3871,hippo_placard,3.899954675725894,near
3871,book_placard,0.1377839090546331,far
3871,orange_box_placard,0.5148186624282971,ref
3871,elephant_placard,0.45820868484042876,near
3871,frog_placard,8.61462361825852,far
3871,duck_placard,0.47168729648547014,near
3871,raptor_placard,3.3878382252296433,far
3872,pink_cylinder_placard,4.120941914865398,ref
3872,frog_placard,3.1660954038561613,near
3872,hippo_placard,5.365886792566471,far
3872,blue_cube_placard,1.0321753544048988,ref
3872,airplane_placard,2.175026061040626,near
3872,cow_placard,2.578695443055949,far
3872,red_ball_placard,1.7499448809358,ref
3872,book_placard,1.098283908006124,near
3872,duck_placard,2.6606307713664137,far
3872,yellow_pyramid_placard,5.106902408635506,ref
3872,lion_placard,3.5846188974574034,near
3872,boat_placard,2.0171641234082927,far
3872,orange_box_placard,2.71081769986813,ref
3872,car_placard,2.3983807820040965,near
3872,pooh_placard,3.0483646421200774,far
3872,green_cone_placard,1.1378614273271523,ref
3872,raptor_placard,1.207528839877341,near
3872,elephant_placard,5.043783466673631,far
3881,pink_cylinder_placard,5.0838259840456885,ref
3881,cow_placard,0.5320070746111014,near
3881,airplane_placard,1.130805411739857,far
3881,blue_cube_placard,1.1787278900737874,ref
3881,boat_placard,2.13208091990964,near
3881,car_placard,3.044773931345844,far
3881,red_ball_placard,6.308424586130059,ref
3881,pooh_placard,3.8852856038938626,near
3881,lion_placard,4.196759993265005,far
3881,yellow_pyramid_placard,2.987340724619571,ref
3881,hippo_placard,4.745888090379594,near
3881,book_placard,2.69925180451537,far
3881,orange_box_placard,0.8875269808995654,ref
3881,elephant_placard,1.0661206236982252,near
3881,frog_placard,3.3568253519624704,far
3881,green_cone_placard,5.232740303796163,ref
3881,duck_placard,6.340108095711912,near
3881,raptor_placard,4.869547409092775,far
3883,pink_cylinder_placard,1.082628122647293,ref
3883,cow_placard,1.0166150238364935,near
3883,airplane_placard,1.184248233505059,far
3883,blue_cube_placard,2.0986741595261265,ref
3883,boat_placard,1.1508483274228638,near
3883,car_placard,2.4983608000911772,far
3883,red_ball_placard,3.2211720442792284,ref
3883,pooh_placard,3.6893012987275142,near
3883,lion_placard,4.452571796544362,far
3883,yellow_pyramid_placard,3.1198365338495933,ref
3883,hippo_placard,2.6462214362836676,near
3883,book_placard,3.729356972631649,far
3883,orange_box_placard,1.7956704762618756,ref
3883,elephant_placard,1.122633757724543,near
3883,frog_placard,1.441684332838122,far
3883,green_cone_placard,4.125683221482177,ref
3883,duck_placard,4.082164855411975,near
3883,raptor_placard,2.993079525156645,far
3884,pink_cylinder_placard,3.8407668461222784,ref
3884,frog_placard,5.444366997307952,near
3884,hippo_placard,4.117381927585484,far
3884,blue_cube_placard,8.199392620896106,ref
3884,airplane_placard,1.5366432366645313,near
3884,cow_placard,1.5244273127318593,far
3884,red_ball_placard,1.743213530695357,ref
3884,book_placard,0.7738918141021713,near
3884,duck_placard,6.287456732970895,far
3884,yellow_pyramid_placard,3.9967901362124394,ref
3884,lion_placard,5.31051865687914,near
3884,boat_placard,1.9934759164716525,far
3884,orange_box_placard,2.4519863127352437,ref
3884,car_placard,2.864886266499525,near
3884,pooh_placard,5.330827495112317,far
3884,green_cone_placard,0.9752443722245516,ref
3884,raptor_placard,3.423079843749292,near
3884,elephant_placard,0.6950949192250846,far
3894,pink_cylinder_placard,1.964029300141192,ref
3894,cow_placard,1.7133525056096914,near
3894,airplane_placard,5.060455517606329,far
3894,blue_cube_placard,1.5261434283909239,ref
3894,boat_placard,2.3970662659157824,near
3894,car_placard,3.076956110922765,far
3894,red_ball_placard,4.156302945348216,ref
3894,pooh_placard,3.6515597853522195,near
3894,lion_placard,6.4107896739806165,far
3894,yellow_pyramid_placard,3.0480231535639177,ref
3894,hippo_placard,3.4576858001155415,near
3894,book_placard,3.663556971318485,far
3894,orange_box_placard,1.7996885088596173,ref
3894,elephant_placard,7.686107975589039,near
3894,green_cone_placard,2.45967864951308,ref
3894,duck_placard,3.5491022785217865,near
3894,raptor_placard,3.556137007763027,far
3898,pink_cylinder_placard,4.812477732104526,ref
3898,frog_placard,1.7683502396394033,near
3898,hippo_placard,16.194787169701158,far
3898,blue_cube_placard,3.2728003568154236,ref
3898,airplane_placard,4.622718837294087,near
3898,cow_placard,5.961819262498466,far
3898,red_ball_placard,0.7344939371050714,ref
3898,book_placard,1.113401303311548,near
3898,duck_placard,1.4347548964451562,far
3898,yellow_pyramid_placard,8.611734682286624,ref
3898,lion_placard,1.7680402584937838,near
3898,boat_placard,4.019793448132987,far
3898,orange_box_placard,2.995316342156002,ref
3898,car_placard,1.8826924910499656,near
3898,pooh_placard,2.2503998907213827,far
3898,raptor_placard,0.0893907879726612,near
3898,elephant_placard,0.05972463688431162,far
3899,pink_cylinder_placard,3.850491904253431,ref
3899,frog_placard,16.733530276542297,near
3899,blue_cube_placard,2.8895710507640615,ref
3899,airplane_placard,2.366835878983693,near
3899,cow_placard,1.056608857978972,far
3899,red_ball_placard,1.5150526769357384,ref
3899,book_placard,3.001267885309062,near
3899,yellow_pyramid_placard,5.716920157634377,ref
3899,lion_placard,3.179458372530462,near
3899,boat_placard,5.11864475963398,far
3899,orange_box_placard,3.530101179261692,ref
3899,car_placard,5.281590043651704,near
3899,pooh_placard,2.6840134282156214,far
3899,green_cone_placard,1.7356638376804767,ref
3899,raptor_placard,0.9010604759205307,near
3899,elephant_placard,1.818489213292196,far
3918,pink_cylinder_placard,0.8518247024003358,ref
3918,cow_placard,1.303925426054775,near
3918,airplane_placard,0.857737147489388,far
3918,blue_cube_placard,1.8068335779043991,ref
3918,boat_placard,2.146080345439259,near
3918,car_placard,3.3298558807582594,far
3918,red_ball_placard,3.3135613161866786,ref
3918,pooh_placard,3.1126885164958367,near
3918,lion_placard,3.6783461898448877,far
3918,yellow_pyramid_placard,1.866749697306659,ref
3918,hippo_placard,23.797733965984662,near
3918,book_placard,3.8600076285365503,far
3918,orange_box_placard,0.7573301355587319,ref
3918,elephant_placard,0.4685922674552785,near
3918,frog_placard,10.418403478961409,far
3918,green_cone_placard,8.82489327120129,ref
3918,duck_placard,9.289772646909114,near
3918,raptor_placard,4.337319356896842,far
3920,pink_cylinder_placard,1.3902486697861605,ref
3920,cow_placard,4.203133805290236,near
3920,airplane_placard,1.4432229771427956,far
3920,blue_cube_placard,1.455579512337863,ref
3920,boat_placard,4.365332833076536,near
3920,car_placard,5.015701754275597,far
3920,red_ball_placard,4.141979559120955,ref
3920,pooh_placard,3.518428810260957,near
3920,lion_placard,4.091457087752133,far
3920,yellow_pyramid_placard,3.427013388449268,ref
3920,hippo_placard,3.511867646357132,near
3920,book_placard,3.5228480848745676,far
3920,orange_box_placard,1.5736678763769305,ref
3920,elephant_placard,5.275516271649394,near
3920,frog_placard,4.320851888915058,far
3920,green_cone_placard,3.8272424369861255,ref
3920,duck_placard,3.9866030096636678,near
3920,raptor_placard,3.299757806225898,far
3927,pink_cylinder_placard,1.6042146837844484,ref
3927,cow_placard,2.0928045886175823,near
3927,airplane_placard,5.0951306375282,far
3927,blue_cube_placard,2.541664493583994,ref
3927,boat_placard,5.209637675145132,near
3927,car_placard,3.417785759724211,far
3927,red_ball_placard,3.9620787902713346,ref
3927,pooh_placard,3.4841989422375264,near
3927,lion_placard,4.315057462270488,far
3927,yellow_pyramid_placard,3.6647148723204737,ref
3927,hippo_placard,3.2407058175049315,near
3927,book_placard,3.837840237081764,far
3927,orange_box_placard,2.0734872508692206,ref
3927,elephant_placard,1.344081927316438,near
3927,frog_placard,2.443865256907884,far
3927,green_cone_placard,4.886809252059265,ref
3927,duck_placard,6.169294768572399,near
3927,raptor_placard,3.4963312614127062,far
3930,pink_cylinder_placard,0.4086404457266326,ref
3930,cow_placard,3.2205769491629326,near
3930,airplane_placard,0.2417910115327686,far
3930,blue_cube_placard,2.2470659097016323,ref
3930,boat_placard,1.2055252819632187,near
3930,car_placard,2.2866406744033156,far
3930,red_ball_placard,8.409064418985508,ref
3930,pooh_placard,3.457165728443215,near
3930,lion_placard,3.1044859520170576,far
3930,yellow_pyramid_placard,2.2502233539053123,ref
3930,hippo_placard,5.311956952644323,near
3930,book_placard,3.5169452812906457,far
3930,orange_box_placard,0.7749801864374604,ref
3930,elephant_placard,3.0214164704430004,near
3930,frog_placard,2.909627365956112,far
3930,green_cone_placard,4.6565967162587185,ref
3930,duck_placard,2.6011104056151453,near
3930,raptor_placard,6.12548271534979,far
3934,pink_cylinder_placard,0.49041863761112836,ref
3934,frog_placard,6.61534054660774,near
3934,hippo_placard,23.04185789190251,far
3934,blue_cube_placard,3.1632035100919893,ref
3934,airplane_placard,14.788183981032489,near
3934,cow_placard,0.5834284010406918,far
3934,red_ball_placard,0.1412936264932796,ref
3934,book_placard,12.172910534332914,near
3934,duck_placard,14.847432373202537,far
3934,lion_placard,36.07575088255862,near
3934,boat_placard,6.254985301162378,far
3934,orange_box_placard,0.7349754101342114,ref
3934,car_placard,0.2785881134113879,near
3934,pooh_placard,6.76026514309342,far
3934,green_cone_placard,0.8993818449453101,ref
3934,raptor_placard,0.44515626060410796,near
3934,elephant_placard,4.40616308297831,far
3936,pink_cylinder_placard,1.2502903861604864,ref
3936,cow_placard,1.497854499721143,near
3936,airplane_placard,3.782141165707799,far
3936,blue_cube_placard,7.12228948210759,ref
3936,boat_placard,2.3287847096089536,near
3936,car_placard,2.1033421535266825,far
3936,red_ball_placard,3.6575256543728756,ref
3936,pooh_placard,2.5856241081346525,near
3936,lion_placard,3.489696355703927,far
3936,yellow_pyramid_placard,3.647586220659832,ref
3936,hippo_placard,2.9732051716709975,near
3936,book_placard,3.034352365822997,far
3936,orange_box_placard,1.4055769007718482,ref
3936,elephant_placard,12.058861504243396,near
3936,green_cone_placard,3.3040744109166553,ref
3936,duck_placard,6.633629063733679,near
3936,raptor_placard,5.258051190583501,far
3939,pink_cylinder_placard,1.2928734039887786,ref
3939,cow_placard,9.7947552187361,near
3939,airplane_placard,22.023078828508005,far
3939,blue_cube_placard,13.578772596221825,ref
3939,boat_placard,9.886853003306896,near
3939,car_placard,2.406867622914433,far
3939,red_ball_placard,4.554315737375873,ref
3939,pooh_placard,4.328282096787007,near
3939,lion_placard,4.459342265909072,far
3939,yellow_pyramid_placard,3.924072069570684,ref
3939,hippo_placard,2.5415256388296257,near
3939,book_placard,4.269135136138175,far
3939,orange_box_placard,1.5346115593565628,ref
3939,elephant_placard,11.334467391920043,near
3939,frog_placard,2.1758313177269883,far
3939,green_cone_placard,4.369470653575263,ref
3939,duck_placard,10.281133106574998,near
3939,raptor_placard,4.426296885765623,far
3941,pink_cylinder_placard,2.9056807961314917,ref
3941,frog_placard,5.755079643102363,near
3941,hippo_placard,17.228944110974226,far
3941,blue_cube_placard,0.323071075246844,ref
3941,airplane_placard,4.482459791877773,near
3941,cow_placard,9.478374686281313,far
3941,red_ball_placard,7.793935919440173,ref
3941,book_placard,2.375156786700245,near
3941,duck_placard,4.064850275986828,far
3941,yellow_pyramid_placard,4.4495251242260565,ref
3941,lion_placard,3.948091508820653,near
3941,boat_placard,3.482223093886205,far
3941,orange_box_placard,0.3974014905761578,ref
3941,car_placard,2.4362813188342898,near
3941,pooh_placard,0.9468299425789155,far
3941,raptor_placard,3.12616171897389,near
3941,elephant_placard,3.7229294098506216,far
3944,pink_cylinder_placard,6.053398224315401,ref
3944,frog_placard,2.9643990305382886,near
3944,hippo_placard,3.263513053600036,far
3944,blue_cube_placard,1.5985764543420373,ref
3944,airplane_placard,4.426446712212055,near
3944,cow_placard,2.5245844986420707,far
3944,red_ball_placard,2.2108756011330115,ref
3944,book_placard,6.311537510253402,near
3944,duck_placard,2.3537085816042236,far
3944,yellow_pyramid_placard,5.440535642692566,ref
3944,lion_placard,3.034189184603747,near
3944,boat_placard,8.326019381609512,far
3944,orange_box_placard,2.323069489790214,ref
3944,car_placard,3.2468528002646053,near
3944,pooh_placard,4.338850557873229,far
3944,green_cone_placard,0.724037118018714,ref
3944,raptor_placard,0.10559018081403337,near
3944,elephant_placard,0.5646388032328105,far
3947,frog_placard,3.5881883188849315,near
3947,blue_cube_placard,0.9841080306978256,ref
3947,airplane_placard,7.808926686215273,near
3947,cow_placard,1.5875514127546921,far
3947,book_placard,1.9023074693395756,near
3947,duck_placard,2.679881511008716,far
3947,boat_placard,2.18321993587233,far
3947,orange_box_placard,1.7615390419960022,ref
3947,car_placard,27.155895462650733,near
3947,pooh_placard,3.0415532550323405,far
3947,raptor_placard,1.4079711537779076,near
3947,elephant_placard,9.468187414490785,far
3950,pink_cylinder_placard,3.8137305473328524,ref
3950,frog_placard,3.153255336181246,near
3950,hippo_placard,4.174685586588566,far
3950,blue_cube_placard,1.1711185091326115,ref
3950,airplane_placard,1.6090195864344423,near
3950,cow_placard,1.536693375548566,far
3950,red_ball_placard,2.484654641182715,ref
3950,book_placard,1.7992838039153867,near
3950,duck_placard,7.394928016226913,far
3950,yellow_pyramid_placard,2.305005061723932,ref
3950,lion_placard,5.296111042989651,near
3950,boat_placard,3.397781218983255,far
3950,orange_box_placard,4.293741365563164,ref
3950,car_placard,3.209259795399703,near
3950,pooh_placard,3.1497390993099543,far
3950,green_cone_placard,1.8673118408250957,ref
3950,raptor_placard,1.2936293872016904,near
3950,elephant_placard,2.8386186200441443,far
3952,pink_cylinder_placard,1.8379429114429513,ref
3952,cow_placard,2.5039540011493955,near
3952,airplane_placard,4.4396493237563845,far
3952,blue_cube_placard,7.077863685070042,ref
3952,boat_placard,2.246612400333106,near
3952,car_placard,3.2183930863075147,far
3952,red_ball_placard,4.289481030885327,ref
3952,pooh_placard,4.134779675856407,near
3952,lion_placard,4.533996813748672,far
3952,yellow_pyramid_placard,3.478217962108374,ref
3952,hippo_placard,3.801844563007762,near
3952,book_placard,4.39885978541497,far
3952,orange_box_placard,1.5891541970922844,ref
3952,elephant_placard,3.0717836985422764,near
3952,frog_placard,2.3031998094497794,far
3952,green_cone_placard,3.611599972453405,ref
3952,duck_placard,6.318392594606848,near
3952,raptor_placard,4.600336270777916,far
3954,pink_cylinder_placard,3.9531172178831184,ref
3954,frog_placard,4.952969831152586,near
3954,hippo_placard,28.43078078678809,far
3954,blue_cube_placard,1.818577695026761,ref
3954,airplane_placard,2.6807155576898367,near
3954,cow_placard,3.3303548866533674,far
3954,red_ball_placard,13.813474246617261,ref
3954,book_placard,2.068056938936934,near
3954,yellow_pyramid_placard,10.123765644753803,ref
3954,lion_placard,5.731175751134288,near
3954,boat_placard,4.109240012476221,far
3954,orange_box_placard,4.638264552137116,ref
3954,car_placard,5.235759334056638,near
3954,pooh_placard,4.258984291693196,far
3954,green_cone_placard,1.5236613650922664,ref
3954,raptor_placard,1.1527840481430758,near
3954,elephant_placard,1.383684216067195,far
3991,pink_cylinder_placard,0.8849298407803872,ref
3991,cow_placard,0.8017227947038919,near
3991,airplane_placard,0.9856305548837554,far
3991,blue_cube_placard,2.794090095678257,ref
3991,boat_placard,1.2402025953965676,near
3991,car_placard,2.512067324302734,far
3991,red_ball_placard,3.9507382731462712,ref
3991,pooh_placard,2.9832524412486237,near
3991,lion_placard,3.440666202983266,far
3991,yellow_pyramid_placard,2.891591714513197,ref
3991,hippo_placard,3.0519544977705664,near
3991,book_placard,3.236651478488966,far
3991,orange_box_placard,0.9905186440828402,ref
3991,elephant_placard,0.9858565855156485,near
3991,frog_placard,1.7234035691890313,far
3991,green_cone_placard,3.851184051240125,ref
3991,duck_placard,3.1079223657479815,near
3991,raptor_placard,2.797498769210506,far
3998,pink_cylinder_placard,2.40264468373789,ref
3998,cow_placard,1.7934325622627512,near
3998,airplane_placard,2.5742824030457996,far
3998,blue_cube_placard,4.329040308482945,ref
3998,boat_placard,9.518008585495409,near
3998,car_placard,4.4380033558518335,far
3998,red_ball_placard,3.9412871873937547,ref
3998,pooh_placard,2.868266341618437,near
3998,lion_placard,5.093276696556131,far
3998,yellow_pyramid_placard,6.782851086296432,ref
3998,hippo_placard,7.406903077891911,near
3998,book_placard,3.8963404340174748,far
3998,orange_box_placard,4.587566058777156,ref
3998,elephant_placard,1.3312210211315687,near
3998,frog_placard,2.1870979123632424,far
3998,green_cone_placard,8.068884046062522,ref
3998,duck_placard,4.1635573920211755,near
3998,raptor_placard,3.067748171291896,far
3999,pink_cylinder_placard,3.049082995275967,ref
3999,cow_placard,5.065238747309195,near
3999,airplane_placard,4.812663013639394,far
3999,blue_cube_placard,3.981807606352959,ref
3999,boat_placard,9.995246301667066,near
3999,red_ball_placard,10.036937202035915,ref
3999,pooh_placard,6.488307693798561,near
3999,lion_placard,5.320563401008258,far
3999,yellow_pyramid_placard,8.122939488734119,ref
3999,hippo_placard,7.937551494003856,near
3999,book_placard,26.173557604572125,far
3999,orange_box_placard,3.937784292618744,ref
3999,elephant_placard,9.11939814370271,near
3999,frog_placard,8.157453189545777,far
3999,green_cone_placard,28.361962107897853,ref
3999,duck_placard,5.412526203552261,near
3999,raptor_placard,5.625715888105333,far
